timestamp,cpu_percent,cpu_interrupts,virtual_memory_total,virtual_memory_available,virtual_memory_used,virtual_memory_percent,swap_total,swap_used,swap_percent,disk_usage_total,disk_usage_used,disk_usage_percent,net_bytes_sent,net_bytes_recv
2025-11-07 14:29:45,3.9,149245997,17059594240,5497344000,11562250240,67.8,12348030976,51130368,0.4,511207010304,298901229568,58.5,331587602,27602778581
2025-11-07 14:29:57,6.5,149395640,17059594240,5281226752,11778367488,69.0,12348030976,51130368,0.4,511207010304,298901250048,58.5,331621350,27602808529
2025-11-07 14:30:08,10.2,149537693,17059594240,4748595200,12310999040,72.2,12348030976,51130368,0.4,511207010304,298902073344,58.5,331684259,27602916287
2025-11-07 14:30:19,15.0,149709387,17059594240,4579397632,12480196608,73.2,12348030976,51130368,0.4,511207010304,298902118400,58.5,331941767,27603961272
2025-11-07 14:30:30,10.0,149826576,17059594240,4513443840,12546150400,73.5,12348030976,51130368,0.4,511207010304,298902376448,58.5,331994909,27604194441
2025-11-07 14:30:41,10.3,149962315,17059594240,4478795776,12580798464,73.7,12348030976,51130368,0.4,511207010304,298902732800,58.5,332073550,27604299295
2025-11-07 14:30:52,37.0,150170783,17059594240,4350263296,12709330944,74.5,12348030976,51130368,0.4,511207010304,298904371200,58.5,332299510,27605979686
2025-11-07 14:31:03,12.7,150366143,17059594240,4386930688,12672663552,74.3,12348030976,51130368,0.4,511207010304,298887258112,58.5,332445062,27608632158
2025-11-07 14:31:14,18.9,150523459,17059594240,4298936320,12760657920,74.8,12348030976,51130368,0.4,511207010304,298893713408,58.5,332499555,27608770583
2025-11-07 14:31:25,11.4,150660521,17059594240,4550868992,12508725248,73.3,12348030976,51130368,0.4,511207010304,298874724352,58.5,332530764,27608836714
2025-11-07 14:31:36,30.4,150885324,17059594240,3932729344,13126864896,76.9,12348030976,51130368,0.4,511207010304,298869841920,58.5,333193206,27609977580
2025-11-07 14:31:47,18.5,151049533,17059594240,4202897408,12856696832,75.4,12348030976,86507520,0.7,511207010304,298866597888,58.5,333518009,27610509383
2025-11-07 14:31:58,18.7,151196310,17059594240,4094406656,12965187584,76.0,12348030976,86507520,0.7,511207010304,298866233344,58.5,333726616,27611370403
2025-11-07 14:32:09,19.5,151344047,17059594240,4266442752,12793151488,75.0,12348030976,86507520,0.7,511207010304,298866290688,58.5,333855352,27611427419
2025-11-07 14:32:20,42.5,151558777,17059594240,4071530496,12988063744,76.1,12348030976,85884928,0.7,511207010304,298872602624,58.5,333980452,27614222317
2025-11-07 14:32:31,10.7,151735519,17059594240,4054315008,13005279232,76.2,12348030976,85884928,0.7,511207010304,298877624320,58.5,334099067,27628990503
2025-11-07 14:32:42,19.7,151867473,17059594240,4308688896,12750905344,74.7,12348030976,85884928,0.7,511207010304,298875215872,58.5,334140588,27629160399
2025-11-07 14:32:53,7.4,151965014,17059594240,4365418496,12694175744,74.4,12348030976,85884928,0.7,511207010304,298882203648,58.5,334207017,27629745995
2025-11-07 14:33:04,7.7,152045993,17059594240,4541157376,12518436864,73.4,12348030976,88469504,0.7,511207010304,298882252800,58.5,334217915,27629788303
2025-11-07 14:33:15,9.8,152120707,17059594240,4547182592,12512411648,73.3,12348030976,88469504,0.7,511207010304,298882318336,58.5,334228242,27629804517
2025-11-07 14:33:26,7.7,152197782,17059594240,4636475392,12423118848,72.8,12348030976,85786624,0.7,511207010304,298882228224,58.5,334238284,27629853530
2025-11-07 14:33:37,7.8,152269156,17059594240,4662190080,12397404160,72.7,12348030976,85786624,0.7,511207010304,298882293760,58.5,334274176,27629900857
2025-11-07 14:33:48,7.5,152343057,17059594240,4681568256,12378025984,72.6,12348030976,85786624,0.7,511207010304,298882297856,58.5,334279804,27629934143
2025-11-07 14:33:59,11.8,152418898,17059594240,4643590144,12416004096,72.8,12348030976,85786624,0.7,511207010304,298882912256,58.5,334313179,27629990741
2025-11-07 14:34:10,7.9,152494760,17059594240,4680011776,12379582464,72.6,12348030976,85786624,0.7,511207010304,298882781184,58.5,334325845,27630029829
2025-11-07 14:34:21,15.8,152577055,17059594240,4691234816,12368359424,72.5,12348030976,85786624,0.7,511207010304,298882789376,58.5,334352649,27630066081
2025-11-07 14:34:32,14.2,152669416,17059594240,4681093120,12378501120,72.6,12348030976,85786624,0.7,511207010304,298882859008,58.5,334359015,27630105456
2025-11-07 14:34:43,16.2,152816032,17059594240,4593942528,12465651712,73.1,12348030976,85786624,0.7,511207010304,298874040320,58.5,334416137,27630771419
2025-11-07 14:34:54,17.1,152934526,17059594240,4638240768,12421353472,72.8,12348030976,85786624,0.7,511207010304,298875998208,58.5,334452068,27631137773
2025-11-07 14:35:05,9.2,153074237,17059594240,4502208512,12557385728,73.6,12348030976,85786624,0.7,511207010304,298877865984,58.5,334515470,27631462729
2025-11-07 14:35:16,9.3,153169436,17059594240,4607467520,12452126720,73.0,12348030976,85786624,0.7,511207010304,298877526016,58.5,334526743,27631559456
2025-11-07 14:35:27,12.3,153275513,17059594240,4624064512,12435529728,72.9,12348030976,85786624,0.7,511207010304,298877513728,58.5,334533324,27631580486
2025-11-07 14:35:38,15.5,153392779,17059594240,4595392512,12464201728,73.1,12348030976,81448960,0.7,511207010304,298878279680,58.5,334596020,27631730928
2025-11-07 14:35:49,9.9,153512215,17059594240,4571721728,12487872512,73.2,12348030976,81448960,0.7,511207010304,298879344640,58.5,334615063,27631754690
2025-11-07 14:36:00,9.7,153614267,17059594240,4588326912,12471267328,73.1,12348030976,81448960,0.7,511207010304,298880774144,58.5,334639168,27631799292
2025-11-07 14:36:11,9.2,153703739,17059594240,4590718976,12468875264,73.1,12348030976,81448960,0.7,511207010304,298878205952,58.5,334661801,27631904741
2025-11-07 14:36:22,19.8,153786474,17059594240,4638212096,12421382144,72.8,12348030976,81448960,0.7,511207010304,298881441792,58.5,334683376,27631964720
2025-11-07 14:36:33,6.7,153862728,17059594240,4645834752,12413759488,72.8,12348030976,81448960,0.7,511207010304,298881310720,58.5,334691386,27631977996
2025-11-07 14:36:44,8.7,153952226,17059594240,4936409088,12123185152,71.1,12348030976,85311488,0.7,511207010304,298881310720,58.5,334701907,27632046306
2025-11-07 14:36:55,9.8,154030642,17059594240,4918120448,12141473792,71.2,12348030976,85311488,0.7,511207010304,298875756544,58.5,334709855,27632061202
2025-11-07 14:37:06,9.1,154108635,17059594240,4940382208,12119212032,71.0,12348030976,85311488,0.7,511207010304,298875781120,58.5,334717092,27632112054
2025-11-07 14:37:17,13.9,154248908,17059594240,4873588736,12186005504,71.4,12348030976,85311488,0.7,511207010304,298876137472,58.5,334763221,27632417789
2025-11-07 14:37:28,11.7,154372268,17059594240,4793282560,12266311680,71.9,12348030976,85311488,0.7,511207010304,298874601472,58.5,334782322,27632708702
2025-11-07 14:37:39,40.7,154460852,17059594240,4827017216,12232577024,71.7,12348030976,85311488,0.7,511207010304,298874535936,58.5,334794276,27632726002
2025-11-07 14:37:50,12.4,154535246,17059594240,4836732928,12222861312,71.6,12348030976,85311488,0.7,511207010304,298874601472,58.5,334807890,27632770972
2025-11-07 14:38:01,9.8,154620809,17059594240,4846034944,12213559296,71.6,12348030976,85311488,0.7,511207010304,298874671104,58.5,334813581,27632817198
2025-11-07 14:38:12,8.7,154704987,17059594240,4847988736,12211605504,71.6,12348030976,85311488,0.7,511207010304,298874605568,58.5,334845512,27632884367
2025-11-07 14:38:23,8.6,154785376,17059594240,4873678848,12185915392,71.4,12348030976,85311488,0.7,511207010304,298874605568,58.5,334855934,27632918921
2025-11-07 14:38:34,9.1,154866188,17059594240,4876025856,12183568384,71.4,12348030976,85311488,0.7,511207010304,298874671104,58.5,334874249,27632969444
2025-11-07 14:38:45,9.1,154945769,17059594240,4872675328,12186918912,71.4,12348030976,85311488,0.7,511207010304,298874347520,58.5,334889532,27632993844
2025-11-07 14:38:56,14.9,155028034,17059594240,4874870784,12184723456,71.4,12348030976,85311488,0.7,511207010304,298874351616,58.5,334908743,27633042733
2025-11-07 14:39:07,48.7,155206797,17059594240,4719001600,12340592640,72.3,12348030976,85311488,0.7,511207010304,298874208256,58.5,334964398,27633853897
2025-11-07 14:39:18,11.4,155340384,17059594240,4675678208,12383916032,72.6,12348030976,85311488,0.7,511207010304,298874372096,58.5,334985523,27633923684
2025-11-07 14:39:29,9.9,155420940,17059594240,4668133376,12391460864,72.6,12348030976,85311488,0.7,511207010304,298874437632,58.5,334995817,27633950183
2025-11-07 14:39:40,11.4,155502457,17059594240,4699496448,12360097792,72.5,12348030976,85311488,0.7,511207010304,298874437632,58.5,335011219,27633989112
2025-11-07 14:39:51,21.3,155592623,17059594240,4628123648,12431470592,72.9,12348030976,85311488,0.7,511207010304,298874572800,58.5,335029244,27634014056
2025-11-07 14:40:02,10.9,155676674,17059594240,4630450176,12429144064,72.9,12348030976,85311488,0.7,511207010304,298874597376,58.5,335043269,27634064102
2025-11-07 14:40:13,9.2,155758347,17059594240,4640649216,12418945024,72.8,12348030976,85311488,0.7,511207010304,298876121088,58.5,335052514,27634076389
2025-11-07 14:40:24,34.8,155842687,17059594240,4671524864,12388069376,72.6,12348030976,85311488,0.7,511207010304,298876186624,58.5,335071665,27634137849
2025-11-07 14:40:35,15.0,155922053,17059594240,4673843200,12385751040,72.6,12348030976,85311488,0.7,511207010304,298877644800,58.5,335083380,27634158314
2025-11-07 14:40:46,9.2,156004613,17059594240,4633620480,12425973760,72.8,12348030976,85311488,0.7,511207010304,298878758912,58.5,335093659,27634201778
2025-11-07 14:40:57,9.6,156089200,17059594240,4626976768,12432617472,72.9,12348030976,85311488,0.7,511207010304,298879021056,58.5,335099922,27634214794
2025-11-07 14:41:08,9.3,156165845,17059594240,4679413760,12380180480,72.6,12348030976,85311488,0.7,511207010304,298879172608,58.5,335105778,27634250817
2025-11-07 14:41:19,13.2,156255828,17059594240,4664745984,12394848256,72.7,12348030976,85311488,0.7,511207010304,298879238144,58.5,335122510,27634280053
2025-11-07 14:41:30,9.1,156346228,17059594240,4664455168,12395139072,72.7,12348030976,85311488,0.7,511207010304,298879238144,58.5,335129813,27634331718
2025-11-07 14:41:41,18.2,156427328,17059594240,4662620160,12396974080,72.7,12348030976,85311488,0.7,511207010304,298879242240,58.5,335137500,27634348620
2025-11-07 14:41:52,8.5,156515988,17059594240,5064810496,11994783744,70.3,12348030976,103292928,0.8,511207010304,298879242240,58.5,335147711,27634390916
2025-11-07 14:42:03,9.1,156597781,17059594240,5027627008,12031967232,70.5,12348030976,103292928,0.8,511207010304,298878607360,58.5,335162062,27634409211
2025-11-07 14:42:14,8.7,156681148,17059594240,5020262400,12039331840,70.6,12348030976,103292928,0.8,511207010304,298878545920,58.5,335178995,27634454807
2025-11-07 14:42:25,49.0,156772906,17059594240,4964364288,12095229952,70.9,12348030976,98574336,0.8,511207010304,298878676992,58.5,335207589,27634503277
2025-11-07 14:42:36,9.2,156858698,17059594240,5018796032,12040798208,70.6,12348030976,98574336,0.8,511207010304,298878676992,58.5,335219600,27634544037
2025-11-07 14:42:47,7.4,156966426,17059594240,5003100160,12056494080,70.7,12348030976,98574336,0.8,511207010304,298878681088,58.5,335242341,27634587298
2025-11-07 14:42:58,15.0,157069892,17059594240,4964188160,12095406080,70.9,12348030976,98574336,0.8,511207010304,298880126976,58.5,335284695,27634690192
2025-11-07 14:43:09,12.4,157216003,17059594240,4833935360,12225658880,71.7,12348030976,98574336,0.8,511207010304,298880331776,58.5,335357247,27634836986
2025-11-07 14:43:20,8.6,157304994,17059594240,4827643904,12231950336,71.7,12348030976,98574336,0.8,511207010304,298880458752,58.5,335391693,27634904479
2025-11-07 14:43:31,9.4,157391699,17059594240,4824756224,12234838016,71.7,12348030976,98574336,0.8,511207010304,298880884736,58.5,335414119,27634947296
2025-11-07 14:43:42,9.6,157469912,17059594240,4837228544,12222365696,71.6,12348030976,98574336,0.8,511207010304,298880884736,58.5,335431600,27634997398
2025-11-07 14:43:53,8.6,157542521,17059594240,4870434816,12189159424,71.5,12348030976,98574336,0.8,511207010304,298880950272,58.5,335447532,27635021791
2025-11-07 14:44:04,8.7,157625082,17059594240,4838785024,12220809216,71.6,12348030976,98574336,0.8,511207010304,298880966656,58.5,335457401,27635065454
2025-11-07 14:44:15,8.2,157711832,17059594240,4818771968,12240822272,71.8,12348030976,98574336,0.8,511207010304,298880905216,58.5,335480225,27635105923
2025-11-07 14:44:26,14.9,157798711,17059594240,4800024576,12259569664,71.9,12348030976,98574336,0.8,511207010304,298881040384,58.5,335524537,27635185105
2025-11-07 14:44:37,10.3,157874106,17059594240,4854370304,12205223936,71.5,12348030976,98574336,0.8,511207010304,298881044480,58.5,335538902,27635215060
2025-11-07 14:44:48,9.2,157954400,17059594240,4905926656,12153667584,71.2,12348030976,98574336,0.8,511207010304,298881044480,58.5,335551413,27635253711
2025-11-07 14:44:59,14.0,158042377,17059594240,4912324608,12147269632,71.2,12348030976,98574336,0.8,511207010304,298881540096,58.5,335566236,27635296851
2025-11-07 14:45:10,53.2,158124784,17059594240,5028900864,12030693376,70.5,12348030976,98574336,0.8,511207010304,298881785856,58.5,335578197,27635339419
2025-11-07 14:45:22,10.2,158207629,17059594240,5058215936,12001378304,70.3,12348030976,98574336,0.8,511207010304,298881785856,58.5,335607691,27635389970
2025-11-07 14:45:33,9.6,158292414,17059594240,5037453312,12022140928,70.5,12348030976,98574336,0.8,511207010304,298881785856,58.5,335621119,27635441438
2025-11-07 14:45:44,8.6,158372596,17059594240,5028012032,12031582208,70.5,12348030976,98574336,0.8,511207010304,298881785856,58.5,335640360,27635467449
2025-11-07 14:45:55,9.6,158447522,17059594240,5064200192,11995394048,70.3,12348030976,98574336,0.8,511207010304,298881789952,58.5,335644730,27635497205
2025-11-07 14:46:06,7.7,158527993,17059594240,5053562880,12006031360,70.4,12348030976,98574336,0.8,511207010304,298881814528,58.5,335655204,27635514980
2025-11-07 14:46:17,8.6,158607440,17059594240,5048160256,12011433984,70.4,12348030976,98574336,0.8,511207010304,298883473408,58.5,335678876,27635544624
2025-11-07 14:46:28,9.8,158694553,17059594240,5043347456,12016246784,70.4,12348030976,98574336,0.8,511207010304,298883473408,58.5,335697192,27635581644
2025-11-07 14:46:39,10.0,158774453,17059594240,5080326144,11979268096,70.2,12348030976,98574336,0.8,511207010304,298883473408,58.5,335704619,27635594825
2025-11-07 14:46:50,18.2,158910947,17059594240,5209387008,11850207232,69.5,12348030976,112689152,0.9,511207010304,298883715072,58.5,335710109,27635606922
2025-11-07 14:47:01,10.3,159024723,17059594240,5156798464,11902795776,69.8,12348030976,112689152,0.9,511207010304,298879635456,58.5,335749055,27635867107
2025-11-07 14:47:12,11.6,159112277,17059594240,5155405824,11904188416,69.8,12348030976,112689152,0.9,511207010304,298879660032,58.5,335756282,27635883630
2025-11-07 14:47:23,8.7,159191942,17059594240,5179957248,11879636992,69.6,12348030976,112689152,0.9,511207010304,298879725568,58.5,335792087,27635914492
2025-11-07 14:47:34,11.4,159299773,17059594240,5183373312,11876220928,69.6,12348030976,112689152,0.9,511207010304,298879725568,58.5,335811527,27635950152
2025-11-07 14:47:45,10.7,159383044,17059594240,5167742976,11891851264,69.7,12348030976,112689152,0.9,511207010304,298879729664,58.5,335850697,27635997730
2025-11-07 14:47:56,37.0,159460646,17059594240,5194571776,11865022464,69.6,12348030976,112689152,0.9,511207010304,298879729664,58.5,335860318,27636014120
2025-11-07 14:48:07,7.4,159550852,17059594240,5197885440,11861708800,69.5,12348030976,112689152,0.9,511207010304,298879819776,58.5,335883899,27636047022
2025-11-07 14:48:18,8.9,159634840,17059594240,5176721408,11882872832,69.7,12348030976,112689152,0.9,511207010304,298879819776,58.5,335893799,27636063433
2025-11-07 14:48:29,8.6,159731098,17059594240,5175181312,11884412928,69.7,12348030976,112689152,0.9,511207010304,298879836160,58.5,335915393,27636103808
2025-11-07 14:48:40,8.7,159808723,17059594240,5203210240,11856384000,69.5,12348030976,112689152,0.9,511207010304,298879836160,58.5,335942121,27636140642
2025-11-07 14:48:51,10.7,159912427,17059594240,5155414016,11904180224,69.8,12348030976,107864064,0.9,511207010304,298880364544,58.5,335952790,27636158404
2025-11-07 14:49:02,19.3,160013582,17059594240,5146398720,11913195520,69.8,12348030976,107864064,0.9,511207010304,298882347008,58.5,335962848,27636204499
2025-11-07 14:49:13,8.5,160111150,17059594240,5151985664,11907608576,69.8,12348030976,107864064,0.9,511207010304,298882940928,58.5,335988358,27636231016
2025-11-07 14:49:24,13.9,160194138,17059594240,5196161024,11863433216,69.5,12348030976,107864064,0.9,511207010304,298883006464,58.5,335998834,27636269335
2025-11-07 14:49:35,10.2,160276909,17059594240,5180407808,11879186432,69.6,12348030976,107864064,0.9,511207010304,298883031040,58.5,336021496,27636303875
2025-11-07 14:49:46,15.6,160368938,17059594240,5146763264,11912830976,69.8,12348030976,107864064,0.9,511207010304,298883424256,58.5,336030651,27636321996
2025-11-07 14:49:57,39.6,160471086,17059594240,5135540224,11924054016,69.9,12348030976,107864064,0.9,511207010304,298883821568,58.5,336035843,27636333337
2025-11-07 14:50:08,11.8,160569001,17059594240,5060919296,11998674944,70.3,12348030976,107864064,0.9,511207010304,298880385024,58.5,336047903,27636354944
2025-11-07 14:50:19,9.6,160657115,17059594240,5076172800,11983421440,70.2,12348030976,107864064,0.9,511207010304,298880827392,58.5,336064623,27636374453
2025-11-07 14:50:30,8.2,160738875,17059594240,5068124160,11991470080,70.3,12348030976,107864064,0.9,511207010304,298880897024,58.5,336088902,27636422254
2025-11-07 14:50:41,8.3,160809861,17059594240,5092847616,11966746624,70.1,12348030976,107864064,0.9,511207010304,298880831488,58.5,336104003,27636444164
2025-11-07 14:50:52,15.1,160888204,17059594240,5095694336,11963899904,70.1,12348030976,107864064,0.9,511207010304,298880765952,58.5,336108273,27636477606
2025-11-07 14:51:03,10.0,160964900,17059594240,5076639744,11982954496,70.2,12348030976,107864064,0.9,511207010304,298880786432,58.5,336114883,27636490065
2025-11-07 14:51:14,8.9,161058368,17059594240,5080813568,11978780672,70.2,12348030976,107864064,0.9,511207010304,298881085440,58.5,336124752,27636520226
2025-11-07 14:51:25,8.2,161141961,17059594240,5106335744,11953258496,70.1,12348030976,107864064,0.9,511207010304,298881089536,58.5,336134572,27636548549
2025-11-07 14:51:36,9.7,161238770,17059594240,5089230848,11970363392,70.2,12348030976,107864064,0.9,511207010304,298881089536,58.5,336156207,27636579181
2025-11-07 14:51:47,13.9,161331538,17059594240,5315047424,11744546816,68.8,12348030976,114106368,0.9,511207010304,298881089536,58.5,336167626,27636598642
2025-11-07 14:51:58,11.7,161430043,17059594240,5294125056,11765469184,69.0,12348030976,114106368,0.9,511207010304,298881155072,58.5,336173838,27636609754
2025-11-07 14:52:09,10.3,161507858,17059594240,5325520896,11734073344,68.8,12348030976,114106368,0.9,511207010304,298881171456,58.5,336194981,27636637546
2025-11-07 14:52:20,10.7,161585205,17059594240,5308514304,11751079936,68.9,12348030976,114106368,0.9,511207010304,298881105920,58.5,336205163,27636652330
2025-11-07 14:52:31,8.8,161719727,17059594240,5299097600,11760496640,68.9,12348030976,114106368,0.9,511207010304,298881105920,58.5,336220136,27636677823
2025-11-07 14:52:42,51.0,161801469,17059594240,5320835072,11738759168,68.8,12348030976,114106368,0.9,511207010304,298881105920,58.5,336234680,27636701342
2025-11-07 14:52:53,14.6,161879426,17059594240,5319454720,11740139520,68.8,12348030976,114106368,0.9,511207010304,298881105920,58.5,336249283,27636771511
2025-11-07 14:53:04,9.6,161961162,17059594240,5301190656,11758403584,68.9,12348030976,114106368,0.9,511207010304,298881130496,58.5,336255607,27636783432
2025-11-07 14:53:15,11.8,162076757,17059594240,5287403520,11772190720,69.0,12348030976,114106368,0.9,511207010304,298881200128,58.5,336284346,27636823578
2025-11-07 14:53:26,14.2,162213060,17059594240,5310910464,11748683776,68.9,12348030976,114106368,0.9,511207010304,298881200128,58.5,336302253,27636858778
2025-11-07 14:53:37,8.8,162287809,17059594240,5355704320,11703889920,68.6,12348030976,114106368,0.9,511207010304,298881265664,58.5,336326250,27636888933
2025-11-07 14:53:48,9.4,162364975,17059594240,5288599552,11770994688,69.0,12348030976,114106368,0.9,511207010304,298881363968,58.5,336338270,27636909051
2025-11-07 14:53:59,10.4,162443242,17059594240,5284958208,11774636032,69.0,12348030976,114106368,0.9,511207010304,298881294336,58.5,336354855,27636928703
2025-11-07 14:54:10,8.7,162520271,17059594240,5317963776,11741630464,68.8,12348030976,114106368,0.9,511207010304,298881228800,58.5,336360471,27636938951
2025-11-07 14:54:21,19.2,162605418,17059594240,5300068352,11759525888,68.9,12348030976,114106368,0.9,511207010304,298881163264,58.5,336389998,27636984958
2025-11-07 14:54:32,11.7,162688018,17059594240,5313323008,11746271232,68.9,12348030976,114106368,0.9,511207010304,298881163264,58.5,336398170,27637003282
2025-11-07 14:54:43,10.6,162776019,17059594240,5286305792,11773288448,69.0,12348030976,114106368,0.9,511207010304,298881228800,58.5,336425604,27637046618
2025-11-07 14:54:54,9.1,162857686,17059594240,5344673792,11714920448,68.7,12348030976,114106368,0.9,511207010304,298881294336,58.5,336435104,27637105994
2025-11-07 14:55:05,8.3,162937806,17059594240,5350215680,11709378560,68.6,12348030976,114106368,0.9,511207010304,298881253376,58.5,336441813,27637118765
2025-11-07 14:55:16,10.4,163016570,17059594240,5324587008,11735007232,68.8,12348030976,114106368,0.9,511207010304,298881253376,58.5,336453038,27637141483
2025-11-07 14:55:27,33.4,163098140,17059594240,5346689024,11712905216,68.7,12348030976,114106368,0.9,511207010304,298881253376,58.5,336462883,27637169059
2025-11-07 14:55:38,10.3,163180512,17059594240,5368397824,11691196416,68.5,12348030976,114106368,0.9,511207010304,298881257472,58.5,336483505,27637196760
2025-11-07 14:55:49,8.5,163259823,17059594240,5333409792,11726184448,68.7,12348030976,114106368,0.9,511207010304,298881359872,58.5,336494469,27637217348
2025-11-07 14:56:00,8.2,163348872,17059594240,5295161344,11764432896,69.0,12348030976,114106368,0.9,511207010304,298882379776,58.5,336508108,27637239606
2025-11-07 14:56:11,11.4,163420428,17059594240,5325680640,11733913600,68.8,12348030976,114106368,0.9,511207010304,298882445312,58.5,336514703,27637251964
2025-11-07 14:56:22,10.3,163511880,17059594240,5326540800,11733053440,68.8,12348030976,114106368,0.9,511207010304,298882445312,58.5,336532570,27637282974
2025-11-07 14:56:33,8.1,163594741,17059594240,5299535872,11760058368,68.9,12348030976,114106368,0.9,511207010304,298882445312,58.5,336538024,27637307995
2025-11-07 14:56:44,13.0,163675354,17059594240,5314007040,11745587200,68.9,12348030976,114106368,0.9,511207010304,298882379776,58.5,336563868,27637344171
2025-11-07 14:56:55,9.6,163759462,17059594240,5449846784,11609747456,68.1,12348030976,117481472,1.0,511207010304,298882379776,58.5,336572556,27637360281
2025-11-07 14:57:06,8.8,163839530,17059594240,5454479360,11605114880,68.0,12348030976,117075967,0.9,511207010304,298882469888,58.5,336587304,27637382179
2025-11-07 14:57:17,8.7,163917828,17059594240,5434892288,11624701952,68.1,12348030976,117075967,0.9,511207010304,298876743680,58.5,336592887,27637393685
2025-11-07 14:57:28,10.0,164008332,17059594240,5427576832,11632017408,68.2,12348030976,117075967,0.9,511207010304,298876813312,58.5,336611483,27637432292
2025-11-07 14:57:39,9.4,164083514,17059594240,5455810560,11603783680,68.0,12348030976,117075967,0.9,511207010304,298876747776,58.5,336621625,27637450575
2025-11-07 14:57:50,11.0,164163022,17059594240,5436919808,11622674432,68.1,12348030976,117075967,0.9,511207010304,298876747776,58.5,336642449,27637483364
2025-11-07 14:58:01,10.4,164244442,17059594240,5432279040,11627315200,68.2,12348030976,117075967,0.9,511207010304,298876764160,58.5,336665518,27637514240
2025-11-07 14:58:12,51.2,164324060,17059594240,5458419712,11601174528,68.0,12348030976,117075967,0.9,511207010304,298876829696,58.5,336673255,27637531779
2025-11-07 14:58:23,13.3,164403221,17059594240,5453844480,11605749760,68.0,12348030976,117075967,0.9,511207010304,298876829696,58.5,336694625,27637566543
2025-11-07 14:58:34,17.1,164489334,17059594240,5390270464,11669323776,68.4,12348030976,111501311,0.9,511207010304,298876915712,58.5,336710972,27637592258
2025-11-07 14:58:45,10.4,164580332,17059594240,5368651776,11690942464,68.5,12348030976,111501311,0.9,511207010304,298877054976,58.5,336721116,27637611396
2025-11-07 14:58:56,8.8,164657070,17059594240,5397733376,11661860864,68.4,12348030976,111501311,0.9,511207010304,298877583360,58.5,336736430,27637642927
2025-11-07 14:59:07,8.5,164753385,17059594240,5400485888,11659108352,68.3,12348030976,111501311,0.9,511207010304,298877992960,58.5,336742509,27637658521
2025-11-07 14:59:18,8.3,164841162,17059594240,5371011072,11688583168,68.5,12348030976,111501311,0.9,511207010304,298878255104,58.5,336748629,27637671813
2025-11-07 14:59:29,11.8,164932682,17059594240,5349105664,11710488576,68.6,12348030976,111501311,0.9,511207010304,298878390272,58.5,336830111,27637814344
2025-11-07 14:59:40,10.8,165015060,17059594240,5422874624,11636719616,68.2,12348030976,111501311,0.9,511207010304,298878627840,58.5,336851130,27637849687
2025-11-07 14:59:51,9.4,165101592,17059594240,5417435136,11642159104,68.2,12348030976,111501311,0.9,511207010304,298878910464,58.5,336855944,27637866769
2025-11-07 15:00:02,9.1,165193972,17059594240,5350764544,11708829696,68.6,12348030976,111259648,0.9,511207010304,298879115264,58.5,336866129,27637886108
2025-11-07 15:00:13,37.1,165279812,17059594240,5306281984,11753312256,68.9,12348030976,111259648,0.9,511207010304,298879246336,58.5,336873862,27637900734
2025-11-07 15:00:24,13.6,165359993,17059594240,5373382656,11686211584,68.5,12348030976,111259648,0.9,511207010304,298879246336,58.5,336893139,27637936091
2025-11-07 15:00:35,8.7,165440067,17059594240,5358321664,11701272576,68.6,12348030976,111259648,0.9,511207010304,298879311872,58.5,336908451,27637956998
2025-11-07 15:00:46,8.2,165518319,17059594240,5347553280,11712040960,68.7,12348030976,111259648,0.9,511207010304,298879311872,58.5,336914897,27637970140
2025-11-07 15:00:57,30.8,165596364,17059594240,5375565824,11684028416,68.5,12348030976,111259648,0.9,511207010304,298880790528,58.5,336925089,27637989813
2025-11-07 15:01:08,9.6,165676723,17059594240,5365796864,11693797376,68.5,12348030976,111259648,0.9,511207010304,298880749568,58.5,336957098,27638027847
2025-11-07 15:01:19,8.7,165756599,17059594240,5348401152,11711193088,68.6,12348030976,111259648,0.9,511207010304,298880815104,58.5,336964157,27638056424
2025-11-07 15:01:30,8.6,165839258,17059594240,5340065792,11719528448,68.7,12348030976,111259648,0.9,511207010304,298880815104,58.5,336995207,27638116451
2025-11-07 15:01:41,9.9,165918643,17059594240,5364719616,11694874624,68.6,12348030976,111259648,0.9,511207010304,298880749568,58.5,337012027,27638149159
2025-11-07 15:01:52,12.8,166016776,17059594240,5798330368,11261263872,66.0,12348030976,117620736,1.0,511207010304,298880880640,58.5,337021253,27638229297
2025-11-07 15:02:03,8.7,166096335,17059594240,5765009408,11294584832,66.2,12348030976,117620736,1.0,511207010304,298880901120,58.5,337030991,27638249877
2025-11-07 15:02:14,17.2,166189949,17059594240,5746798592,11312795648,66.3,12348030976,117620736,1.0,511207010304,298881060864,58.5,337040971,27638285885
2025-11-07 15:02:25,8.1,166265659,17059594240,5767454720,11292139520,66.2,12348030976,117620736,1.0,511207010304,298881064960,58.5,337056433,27638314849
2025-11-07 15:02:36,8.6,166347154,17059594240,5767778304,11291815936,66.2,12348030976,117620736,1.0,511207010304,298880999424,58.5,337075201,27638347637
2025-11-07 15:02:47,10.4,166428991,17059594240,5744930816,11314663424,66.3,12348030976,117620736,1.0,511207010304,298880999424,58.5,337096080,27638390759
2025-11-07 15:02:58,36.4,166510224,17059594240,5754499072,11305095168,66.3,12348030976,117620736,1.0,511207010304,298880999424,58.5,337110204,27638433792
2025-11-07 15:03:09,12.5,166585911,17059594240,5765197824,11294396416,66.2,12348030976,117620736,1.0,511207010304,298881085440,58.5,337125394,27638462500
2025-11-07 15:03:20,8.4,166667093,17059594240,5748285440,11311308800,66.3,12348030976,117620736,1.0,511207010304,298881171456,58.5,337132038,27638477189
2025-11-07 15:03:31,8.4,166747341,17059594240,5737558016,11322036224,66.4,12348030976,117620736,1.0,511207010304,298881257472,58.5,337155077,27638530802
2025-11-07 15:03:42,9.1,166824358,17059594240,5767438336,11292155904,66.2,12348030976,117620736,1.0,511207010304,298881261568,58.5,337182181,27638568493
2025-11-07 15:03:53,7.5,166905767,17059594240,5769019392,11290574848,66.2,12348030976,117620736,1.0,511207010304,298881261568,58.5,337193444,27638591050
2025-11-07 15:04:04,9.5,166985552,17059594240,5745573888,11314020352,66.3,12348030976,117620736,1.0,511207010304,298881277952,58.5,337203287,27638612177
2025-11-07 15:04:15,11.2,167067965,17059594240,5728043008,11331551232,66.4,12348030976,117620736,1.0,511207010304,298881282048,58.5,337222993,27638640628
2025-11-07 15:04:26,9.4,167144632,17059594240,5755027456,11304566784,66.3,12348030976,117620736,1.0,511207010304,298880503808,58.5,337246099,27638702773
2025-11-07 15:04:37,8.7,167225138,17059594240,5754458112,11305136128,66.3,12348030976,117620736,1.0,511207010304,298880573440,58.5,337265664,27638786598
2025-11-07 15:04:48,17.4,167317358,17059594240,5728559104,11331035136,66.4,12348030976,117620736,1.0,511207010304,298880573440,58.5,337272160,27638814856
2025-11-07 15:04:59,21.7,167404522,17059594240,5742436352,11317157888,66.3,12348030976,117620736,1.0,511207010304,298880593920,58.5,337284317,27638833285
2025-11-07 15:05:10,10.8,167476405,17059594240,5779431424,11280162816,66.1,12348030976,117620736,1.0,511207010304,298880598016,58.5,337298672,27638856291
2025-11-07 15:05:21,10.6,167554115,17059594240,5790527488,11269066752,66.1,12348030976,117227520,0.9,511207010304,298880598016,58.5,337306088,27638872153
2025-11-07 15:05:32,10.1,167630788,17059594240,5766053888,11293540352,66.2,12348030976,117227520,0.9,511207010304,298880663552,58.5,337327153,27638909988
2025-11-07 15:05:43,45.8,167706677,17059594240,5793374208,11266220032,66.0,12348030976,116965375,0.9,511207010304,298882506752,58.5,337338612,27638929026
2025-11-07 15:05:54,13.4,167778854,17059594240,5795020800,11264573440,66.0,12348030976,116965375,0.9,511207010304,298882441216,58.5,337342911,27638939953
2025-11-07 15:06:05,9.6,167857083,17059594240,5778407424,11281186816,66.1,12348030976,116965375,0.9,511207010304,298882527232,58.5,337353485,27638983382
2025-11-07 15:06:16,10.6,167944178,17059594240,5772750848,11286843392,66.2,12348030976,116965375,0.9,511207010304,298882531328,58.5,337359811,27638995878
2025-11-07 15:06:27,8.9,168021476,17059594240,5797838848,11261755392,66.0,12348030976,116965375,0.9,511207010304,298882531328,58.5,337385291,27639032681
2025-11-07 15:06:38,10.1,168103480,17059594240,5795307520,11264286720,66.0,12348030976,116965375,0.9,511207010304,298882535424,58.5,337407837,27639065928
2025-11-07 15:06:49,9.9,168199672,17059594240,6240108544,10819485696,63.4,12348030976,117297152,0.9,511207010304,298882535424,58.5,337414618,27639081036
2025-11-07 15:07:00,8.6,168280380,17059594240,6216441856,10843152384,63.6,12348030976,117297152,0.9,511207010304,298882560000,58.5,337420301,27639092068
2025-11-07 15:07:11,9.2,168359783,17059594240,6249127936,10810466304,63.4,12348030976,117297152,0.9,511207010304,298882494464,58.5,337430919,27639108823
2025-11-07 15:07:22,9.6,168441926,17059594240,6248296448,10811297792,63.4,12348030976,117297152,0.9,511207010304,298882494464,58.5,337443428,27639131204
2025-11-07 15:07:33,10.0,168522105,17059594240,6223101952,10836492288,63.5,12348030976,117297152,0.9,511207010304,298882560000,58.5,337467042,27639160679
2025-11-07 15:07:44,24.9,168612988,17059594240,6242324480,10817269760,63.4,12348030976,117297152,0.9,511207010304,298882560000,58.5,337489523,27639205726
2025-11-07 15:07:55,14.7,168699683,17059594240,6187036672,10872557568,63.7,12348030976,111177728,0.9,511207010304,298882568192,58.5,337499115,27639224511
2025-11-07 15:08:06,10.0,168785733,17059594240,6165176320,10894417920,63.9,12348030976,111177728,0.9,511207010304,298882965504,58.5,337506734,27639243709
2025-11-07 15:08:17,10.0,168871514,17059594240,6159847424,10899746816,63.9,12348030976,111177728,0.9,511207010304,298883092480,58.5,337517248,27639262847
2025-11-07 15:08:28,27.5,168953911,17059594240,6186082304,10873511936,63.7,12348030976,111177728,0.9,511207010304,298883092480,58.5,337539702,27639300554
2025-11-07 15:08:39,8.4,169034276,17059594240,6185156608,10874437632,63.7,12348030976,111177728,0.9,511207010304,298883031040,58.5,337555133,27639324039
2025-11-07 15:08:50,9.0,169113380,17059594240,6164922368,10894671872,63.9,12348030976,111177728,0.9,511207010304,298883031040,58.5,337569137,27639346777
2025-11-07 15:09:01,10.5,169190379,17059594240,6152441856,10907152384,63.9,12348030976,111177728,0.9,511207010304,298883051520,58.5,337574466,27639357813
2025-11-07 15:09:12,8.7,169260672,17059594240,6182350848,10877243392,63.8,12348030976,111177728,0.9,511207010304,298883117056,58.5,337585470,27639376075
2025-11-07 15:09:23,9.1,169341093,17059594240,6181863424,10877730816,63.8,12348030976,111177728,0.9,511207010304,298882572288,58.5,337592369,27639397614
2025-11-07 15:09:34,8.7,169422430,17059594240,6156705792,10902888448,63.9,12348030976,111177728,0.9,511207010304,298882519040,58.5,337605820,27639424202
2025-11-07 15:09:45,9.9,169504080,17059594240,6149427200,10910167040,64.0,12348030976,111177728,0.9,511207010304,298882523136,58.5,337620622,27639479751
2025-11-07 15:09:56,7.9,169598067,17059594240,6162317312,10897276928,63.9,12348030976,111177728,0.9,511207010304,298882523136,58.5,337626965,27639501643
2025-11-07 15:10:07,9.5,169676479,17059594240,6165999616,10893594624,63.9,12348030976,111177728,0.9,511207010304,298882539520,58.5,337631948,27639515933
2025-11-07 15:10:19,8.3,169757229,17059594240,6145576960,10914017280,64.0,12348030976,111177728,0.9,511207010304,298882609152,58.5,337650664,27639546002
2025-11-07 15:10:30,56.7,169839748,17059594240,6161444864,10898149376,63.9,12348030976,111177728,0.9,511207010304,298882609152,58.5,337664735,27639574044
2025-11-07 15:10:41,8.9,169921646,17059594240,6152130560,10907463680,63.9,12348030976,111177728,0.9,511207010304,298884005888,58.5,337680980,27639597840
2025-11-07 15:10:52,14.3,170005684,17059594240,6132670464,10926923776,64.1,12348030976,111177728,0.9,511207010304,298884071424,58.5,337691429,27639619065
2025-11-07 15:11:03,12.2,170085487,17059594240,6096011264,10963582976,64.3,12348030976,111177728,0.9,511207010304,298884161536,58.5,337701802,27639641838
2025-11-07 15:11:14,22.6,170162961,17059594240,6125703168,10933891072,64.1,12348030976,111177728,0.9,511207010304,298884161536,58.5,337707935,27639655998
2025-11-07 15:11:25,10.1,170284231,17059594240,5929267200,11130327040,65.2,12348030976,111177728,0.9,511207010304,298887962624,58.5,337812054,27640947119
2025-11-07 15:11:36,8.2,170366476,17059594240,5958397952,11101196288,65.1,12348030976,111177728,0.9,511207010304,298888617984,58.5,337826017,27640970407
2025-11-07 15:11:47,36.5,170454981,17059594240,6212612096,10846982144,63.6,12348030976,111992832,0.9,511207010304,298888683520,58.5,337837454,27640988575
2025-11-07 15:11:58,8.0,170536684,17059594240,6409523200,10650071040,62.4,12348030976,111992832,0.9,511207010304,298888708096,58.5,337842538,27641001702
2025-11-07 15:12:09,12.0,170616087,17059594240,6401032192,10658562048,62.5,12348030976,111992832,0.9,511207010304,298888728576,58.5,337847196,27641013125
2025-11-07 15:12:20,9.1,170717640,17059594240,6369660928,10689933312,62.7,12348030976,111992832,0.9,511207010304,298888695808,58.5,337860876,27641042083
2025-11-07 15:12:31,11.4,170809629,17059594240,6382825472,10676768768,62.6,12348030976,111992832,0.9,511207010304,298888687616,58.5,337884498,27641081868
2025-11-07 15:12:42,9.1,170896285,17059594240,6377345024,10682249216,62.6,12348030976,111992832,0.9,511207010304,298888855552,58.5,337895423,27641103060
2025-11-07 15:12:53,12.7,170979676,17059594240,6362910720,10696683520,62.7,12348030976,111992832,0.9,511207010304,298889048064,58.5,337950688,27641186577
2025-11-07 15:13:04,9.4,171076001,17059594240,6347370496,10712223744,62.8,12348030976,111992832,0.9,511207010304,298888855552,58.5,337990142,27641255587
2025-11-07 15:13:15,37.0,171154052,17059594240,6366007296,10693586944,62.7,12348030976,111992832,0.9,511207010304,298888855552,58.5,337996550,27641269472
2025-11-07 15:13:26,9.1,171234570,17059594240,6365388800,10694205440,62.7,12348030976,111992832,0.9,511207010304,298888859648,58.5,338029115,27641330043
2025-11-07 15:13:37,9.2,171316449,17059594240,6336925696,10722668544,62.9,12348030976,111992832,0.9,511207010304,298888953856,58.5,338073079,27641386832
2025-11-07 15:13:48,8.1,171396522,17059594240,6319673344,10739920896,63.0,12348030976,111992832,0.9,511207010304,298889035776,58.5,338084893,27641406507
2025-11-07 15:13:59,9.2,171471056,17059594240,6350622720,10708971520,62.8,12348030976,111992832,0.9,511207010304,298888970240,58.5,338100515,27641427823
2025-11-07 15:14:10,14.6,171549348,17059594240,6335451136,10724143104,62.9,12348030976,111992832,0.9,511207010304,298888974336,58.5,338104732,27641443546
2025-11-07 15:14:21,23.1,171642901,17059594240,6236852224,10822742016,63.4,12348030976,111108096,0.9,511207010304,298888974336,58.5,338150092,27641513193
2025-11-07 15:14:32,8.2,171724060,17059594240,6231605248,10827988992,63.5,12348030976,111108096,0.9,511207010304,298888978432,58.5,338182672,27641550221
2025-11-07 15:14:43,9.2,171805128,17059594240,6253031424,10806562816,63.3,12348030976,111108096,0.9,511207010304,298888998912,58.5,338199324,27641601400
2025-11-07 15:14:54,13.3,171903061,17059594240,6147153920,10912440320,64.0,12348030976,111108096,0.9,511207010304,298889641984,58.5,338215938,27641634186
2025-11-07 15:15:05,8.6,171986289,17059594240,6126600192,10932994048,64.1,12348030976,111108096,0.9,511207010304,298889752576,58.5,338221983,27641644364
2025-11-07 15:15:16,35.5,172065957,17059594240,6143844352,10915749888,64.0,12348030976,111108096,0.9,511207010304,298889687040,58.5,338244742,27641670607
2025-11-07 15:15:27,8.2,172141428,17059594240,6142672896,10916921344,64.0,12348030976,111108096,0.9,511207010304,298890768384,58.5,338264298,27641709076
2025-11-07 15:15:38,9.5,172228107,17059594240,6128340992,10931253248,64.1,12348030976,111108096,0.9,511207010304,298890702848,58.5,338292067,27641760765
2025-11-07 15:15:49,8.8,172306743,17059594240,6121766912,10937827328,64.1,12348030976,111108096,0.9,511207010304,298890702848,58.5,338299165,27641774801
2025-11-07 15:16:00,22.7,172384211,17059594240,6154149888,10905444352,63.9,12348030976,111108096,0.9,511207010304,298890723328,58.5,338317119,27641820092
2025-11-07 15:16:11,17.9,172477945,17059594240,6109065216,10950529024,64.2,12348030976,111108096,0.9,511207010304,298890735616,58.5,338327871,27641837683
2025-11-07 15:16:22,9.6,172560246,17059594240,6129123328,10930470912,64.1,12348030976,111108096,0.9,511207010304,298890735616,58.5,338341625,27641876018
2025-11-07 15:16:33,16.7,172643638,17059594240,6118608896,10940985344,64.1,12348030976,111108096,0.9,511207010304,298890928128,58.5,338362432,27641933707
2025-11-07 15:16:44,8.4,172718142,17059594240,6145818624,10913775616,64.0,12348030976,111108096,0.9,511207010304,298885226496,58.5,338378023,27641977817
2025-11-07 15:16:55,8.3,172802327,17059594240,6237995008,10821599232,63.4,12348030976,111591424,0.9,511207010304,298885226496,58.5,338399464,27642016739
2025-11-07 15:17:06,8.8,172882416,17059594240,6215294976,10844299264,63.6,12348030976,111591424,0.9,511207010304,298885246976,58.5,338415984,27642047276
2025-11-07 15:17:17,8.7,172973636,17059594240,6200631296,10858962944,63.7,12348030976,111591424,0.9,511207010304,298885574656,58.5,338432580,27642091115
2025-11-07 15:17:28,7.9,173050032,17059594240,6227881984,10831712256,63.5,12348030976,111591424,0.9,511207010304,298885574656,58.5,338445509,27642123000
2025-11-07 15:17:39,11.0,173131898,17059594240,6204899328,10854694912,63.6,12348030976,111591424,0.9,511207010304,298885574656,58.5,338463862,27642146839
2025-11-07 15:17:50,14.0,173217506,17059594240,6197731328,10861862912,63.7,12348030976,111591424,0.9,511207010304,298885890048,58.5,338476175,27642169444
2025-11-07 15:18:01,35.9,173321951,17059594240,6201544704,10858049536,63.6,12348030976,111591424,0.9,511207010304,298886045696,58.5,338486196,27642212969
2025-11-07 15:18:12,8.6,173414976,17059594240,6196269056,10863325184,63.7,12348030976,111591424,0.9,511207010304,298886045696,58.5,338511490,27642236734
2025-11-07 15:18:23,10.0,173513026,17059594240,6178041856,10881552384,63.8,12348030976,111591424,0.9,511207010304,298886049792,58.5,338524100,27642278141
2025-11-07 15:18:34,17.4,173601540,17059594240,6169899008,10889695232,63.8,12348030976,111591424,0.9,511207010304,298885984256,58.5,338547550,27642310206
2025-11-07 15:18:45,17.7,173694978,17059594240,6191808512,10867785728,63.7,12348030976,111591424,0.9,511207010304,298886373376,58.5,338566225,27642674904
2025-11-07 15:18:56,9.2,173774339,17059594240,6164103168,10895491072,63.9,12348030976,111591424,0.9,511207010304,298886504448,58.5,338582308,27642703581
2025-11-07 15:19:07,11.4,173851558,17059594240,6159323136,10900271104,63.9,12348030976,111591424,0.9,511207010304,298886594560,58.5,338592719,27642721728
2025-11-07 15:19:18,10.2,173931868,17059594240,6159347712,10900246528,63.9,12348030976,111591424,0.9,511207010304,298886594560,58.5,338599004,27642733879
2025-11-07 15:19:29,8.8,174004429,17059594240,6183567360,10876026880,63.8,12348030976,111591424,0.9,511207010304,298886660096,58.5,338617018,27642768611
2025-11-07 15:19:40,10.9,174085543,17059594240,6185185280,10874408960,63.7,12348030976,111591424,0.9,511207010304,298886742016,58.5,338661087,27642824021
2025-11-07 15:19:51,10.3,174164467,17059594240,6163005440,10896588800,63.9,12348030976,111591424,0.9,511207010304,298886742016,58.5,338678034,27642849405
2025-11-07 15:20:02,13.9,174243609,17059594240,6154526720,10905067520,63.9,12348030976,111591424,0.9,511207010304,298886631424,58.5,338686855,27642866319
2025-11-07 15:20:13,9.5,174320286,17059594240,6197743616,10861850624,63.7,12348030976,111591424,0.9,511207010304,298886979584,58.5,338705833,27642896722
2025-11-07 15:20:24,8.5,174404507,17059594240,6173872128,10885722112,63.8,12348030976,111591424,0.9,511207010304,298887241728,58.5,338720601,27642922698
2025-11-07 15:20:35,13.5,174486294,17059594240,6164586496,10895007744,63.9,12348030976,111591424,0.9,511207010304,298887184384,58.5,338744118,27642989618
2025-11-07 15:20:46,46.8,174568001,17059594240,6189920256,10869673984,63.7,12348030976,111591424,0.9,511207010304,298887184384,58.5,338748596,27642999951
2025-11-07 15:20:57,8.4,174644488,17059594240,6188470272,10871123968,63.7,12348030976,111591424,0.9,511207010304,298887184384,58.5,338755975,27643015128
2025-11-07 15:21:08,9.2,174725466,17059594240,6168031232,10891563008,63.8,12348030976,111591424,0.9,511207010304,298887266304,58.5,338770612,27643038616
2025-11-07 15:21:19,9.6,174810198,17059594240,6153715712,10905878528,63.9,12348030976,111591424,0.9,511207010304,298887266304,58.5,338785488,27643061536
2025-11-07 15:21:30,10.1,174882252,17059594240,6175555584,10884038656,63.8,12348030976,111591424,0.9,511207010304,298887536640,58.5,338792500,27643083508
2025-11-07 15:21:41,11.0,174961059,17059594240,6176079872,10883514368,63.8,12348030976,111591424,0.9,511207010304,298887434240,58.5,338807162,27643107509
2025-11-07 15:21:52,8.7,175045049,17059594240,6298263552,10761330688,63.1,12348030976,111865856,0.9,511207010304,298887442432,58.5,338813696,27643120615
2025-11-07 15:22:03,14.0,175121736,17059594240,6293852160,10765742080,63.1,12348030976,111865856,0.9,511207010304,298887528448,58.5,338818982,27643132148
2025-11-07 15:22:14,8.8,175200943,17059594240,6313570304,10746023936,63.0,12348030976,111865856,0.9,511207010304,298887528448,58.5,338838829,27643173114
2025-11-07 15:22:25,8.6,175291042,17059594240,6312538112,10747056128,63.0,12348030976,111865856,0.9,511207010304,298887532544,58.5,338862498,27643211010
2025-11-07 15:22:36,9.2,175369403,17059594240,6289063936,10770530304,63.1,12348030976,111865856,0.9,511207010304,298887471104,58.5,338873356,27643249721
2025-11-07 15:22:47,39.4,175453876,17059594240,6299885568,10759708672,63.1,12348030976,111865856,0.9,511207010304,298887745536,58.5,338896193,27643458532
2025-11-07 15:22:58,20.5,175583103,17059594240,6270312448,10789281792,63.2,12348030976,111865856,0.9,511207010304,298887827456,58.5,338919248,27643501078
2025-11-07 15:23:09,34.2,175695379,17059594240,6269550592,10790043648,63.2,12348030976,111865856,0.9,511207010304,298887852032,58.5,338928426,27643531212
2025-11-07 15:23:20,42.4,175775757,17059594240,6291103744,10768490496,63.1,12348030976,111865856,0.9,511207010304,298887790592,58.5,338943891,27643556102
2025-11-07 15:23:31,12.0,175848926,17059594240,6267363328,10792230912,63.3,12348030976,111865856,0.9,511207010304,298883727360,58.5,338952007,27643585514
2025-11-07 15:23:42,15.1,175928266,17059594240,6249426944,10810167296,63.4,12348030976,111865856,0.9,511207010304,298883858432,58.5,338993208,27643638773
2025-11-07 15:23:53,9.1,176006284,17059594240,6243995648,10815598592,63.4,12348030976,111865856,0.9,511207010304,298883858432,58.5,339005846,27643659118
2025-11-07 15:24:04,11.2,176078304,17059594240,6270910464,10788683776,63.2,12348030976,111865856,0.9,511207010304,298883813376,58.5,339015245,27643674618
2025-11-07 15:24:15,9.0,176157758,17059594240,6272114688,10787479552,63.2,12348030976,111865856,0.9,511207010304,298883878912,58.5,339047593,27643707442
2025-11-07 15:24:26,10.5,176240302,17059594240,6250999808,10808594432,63.4,12348030976,111865856,0.9,511207010304,298883878912,58.5,339073633,27643746925
2025-11-07 15:24:37,9.6,176319893,17059594240,6243995648,10815598592,63.4,12348030976,111865856,0.9,511207010304,298884096000,58.5,339079824,27643769855
2025-11-07 15:24:48,10.0,176396580,17059594240,6272077824,10787516416,63.2,12348030976,111865856,0.9,511207010304,298884096000,58.5,339088403,27643785325
2025-11-07 15:24:59,11.9,176486374,17059594240,6271815680,10787778560,63.2,12348030976,111865856,0.9,511207010304,298884251648,58.5,339095764,27643797802
2025-11-07 15:25:10,9.4,176564392,17059594240,6246490112,10813104128,63.4,12348030976,111865856,0.9,511207010304,298884251648,58.5,339111675,27643823036
2025-11-07 15:25:21,17.0,176644120,17059594240,6237237248,10822356992,63.4,12348030976,111865856,0.9,511207010304,298884317184,58.5,339129285,27643856618
2025-11-07 15:25:32,12.8,176717436,17059594240,6267019264,10792574976,63.3,12348030976,111865856,0.9,511207010304,298884251648,58.5,339141365,27643887494
2025-11-07 15:25:43,10.7,176803571,17059594240,6243880960,10815713280,63.4,12348030976,111865856,0.9,511207010304,298884190208,58.5,339167324,27643924876
2025-11-07 15:25:54,9.4,176923769,17059594240,6230978560,10828615680,63.5,12348030976,111865856,0.9,511207010304,298884190208,58.5,339176621,27643952269
2025-11-07 15:26:05,46.5,177002635,17059594240,6256402432,10803191808,63.3,12348030976,111865856,0.9,511207010304,298884276224,58.5,339181956,27643961231
2025-11-07 15:26:16,8.7,177074723,17059594240,6260060160,10799534080,63.3,12348030976,111865856,0.9,511207010304,298884276224,58.5,339193194,27644009678
2025-11-07 15:26:27,10.0,177165392,17059594240,6239633408,10819960832,63.4,12348030976,111865856,0.9,511207010304,298884276224,58.5,339229426,27644055292
2025-11-07 15:26:38,11.3,177257039,17059594240,6122291200,10937303040,64.1,12348030976,111734784,0.9,511207010304,298884034560,58.5,339246516,27644086365
2025-11-07 15:26:49,9.4,177328318,17059594240,6150135808,10909458432,63.9,12348030976,111734784,0.9,511207010304,298884034560,58.5,339255406,27644103429
2025-11-07 15:27:00,9.2,177407841,17059594240,5655937024,11403657216,66.8,12348030976,111669248,0.9,511207010304,298884050944,58.5,339262674,27644115820
2025-11-07 15:27:11,9.8,177490481,17059594240,5647863808,11411730432,66.9,12348030976,111669248,0.9,511207010304,298884116480,58.5,339267530,27644130727
2025-11-07 15:27:22,10.9,177580983,17059594240,5642063872,11417530368,66.9,12348030976,111669248,0.9,511207010304,298884116480,58.5,339286468,27644165280
2025-11-07 15:27:33,10.6,177671988,17059594240,5672009728,11387584512,66.8,12348030976,111669248,0.9,511207010304,298884050944,58.5,339294335,27644185528
2025-11-07 15:27:44,8.9,177761137,17059594240,5663211520,11396382720,66.8,12348030976,111669248,0.9,511207010304,298884378624,58.5,339305520,27644226159
2025-11-07 15:27:55,9.6,177838550,17059594240,5637251072,11422343168,67.0,12348030976,111669248,0.9,511207010304,298884378624,58.5,339340571,27644281173
2025-11-07 15:28:06,26.0,177916107,17059594240,5627658240,11431936000,67.0,12348030976,111669248,0.9,511207010304,298884403200,58.5,339346738,27644292511
2025-11-07 15:28:17,10.4,177989262,17059594240,5668016128,11391578112,66.8,12348030976,111669248,0.9,511207010304,298884403200,58.5,339357652,27644309245
2025-11-07 15:28:28,9.6,178067521,17059594240,5647159296,11412434944,66.9,12348030976,111669248,0.9,511207010304,298884403200,58.5,339373887,27644338940
2025-11-07 15:28:39,14.0,178145358,17059594240,5645127680,11414466560,66.9,12348030976,111669248,0.9,511207010304,298884354048,58.5,339388065,27644359596
2025-11-07 15:28:50,27.7,178217496,17059594240,5673152512,11386441728,66.7,12348030976,111669248,0.9,511207010304,298884354048,58.5,339402652,27644381796
2025-11-07 15:29:01,8.6,178292798,17059594240,5675679744,11383914496,66.7,12348030976,111669248,0.9,511207010304,298884374528,58.5,339413243,27644400040
2025-11-07 15:29:12,8.9,178370283,17059594240,5738643456,11320950784,66.4,12348030976,118206463,1.0,511207010304,298884374528,58.5,339418956,27644409796
2025-11-07 15:29:23,8.8,178450201,17059594240,5732921344,11326672896,66.4,12348030976,118206463,1.0,511207010304,298884440064,58.5,339435010,27644452162
2025-11-07 15:29:34,9.9,178521712,17059594240,5754605568,11304988672,66.3,12348030976,118206463,1.0,511207010304,298884440064,58.5,339460662,27644491899
2025-11-07 15:29:45,10.4,178599864,17059594240,5751361536,11308232704,66.3,12348030976,118206463,1.0,511207010304,298884382720,58.5,339471466,27644513550
2025-11-07 15:29:56,10.3,178676245,17059594240,5732257792,11327336448,66.4,12348030976,118206463,1.0,511207010304,298884382720,58.5,339482742,27644533366
2025-11-07 15:30:07,9.7,178752955,17059594240,5726683136,11332911104,66.4,12348030976,118206463,1.0,511207010304,298884468736,58.5,339488139,27644542440
2025-11-07 15:30:18,13.0,178826122,17059594240,5759074304,11300519936,66.2,12348030976,118206463,1.0,511207010304,298884468736,58.5,339493057,27644560857
2025-11-07 15:30:29,9.8,178906068,17059594240,5745774592,11313819648,66.3,12348030976,118206463,1.0,511207010304,298884472832,58.5,339512086,27644591606
2025-11-07 15:30:40,11.7,178983531,17059594240,5736103936,11323490304,66.4,12348030976,118206463,1.0,511207010304,298884407296,58.5,339529561,27644629189
2025-11-07 15:30:51,44.1,179059854,17059594240,5763932160,11295662080,66.2,12348030976,118206463,1.0,511207010304,298884407296,58.5,339534466,27644640385
2025-11-07 15:31:02,8.3,179132784,17059594240,5769797632,11289796608,66.2,12348030976,118206463,1.0,511207010304,298884427776,58.5,339545949,27644706901
2025-11-07 15:31:13,9.1,179222452,17059594240,5735546880,11324047360,66.4,12348030976,118206463,1.0,511207010304,298884624384,58.5,339558223,27644768157
2025-11-07 15:31:24,16.1,179300489,17059594240,5737533440,11322060800,66.4,12348030976,118206463,1.0,511207010304,298884632576,58.5,339570958,27644821227
2025-11-07 15:31:35,10.6,179373312,17059594240,5762711552,11296882688,66.2,12348030976,118206463,1.0,511207010304,298884698112,58.5,339595530,27644869156
2025-11-07 15:31:46,15.0,179451631,17059594240,5756735488,11302858752,66.3,12348030976,118206463,1.0,511207010304,298884632576,58.5,339613888,27644896501
2025-11-07 15:31:57,19.3,179537423,17059594240,6054027264,11005566976,64.5,12348030976,118767616,1.0,511207010304,298885156864,58.5,339634153,27644926393
2025-11-07 15:32:08,8.9,179616976,17059594240,6113447936,10946146304,64.2,12348030976,118767616,1.0,511207010304,298885173248,58.5,339638744,27644939022
2025-11-07 15:32:20,13.9,179707768,17059594240,6136954880,10922639360,64.0,12348030976,118767616,1.0,511207010304,298885173248,58.5,339650950,27644957025
2025-11-07 15:32:31,10.0,179788806,17059594240,6084804608,10974789632,64.3,12348030976,118767616,1.0,511207010304,298885173248,58.5,339669122,27644985890
2025-11-07 15:32:42,8.7,179869910,17059594240,6028713984,11030880256,64.7,12348030976,118767616,1.0,511207010304,298885107712,58.5,339681589,27645010862
2025-11-07 15:32:53,14.6,179948652,17059594240,6046474240,11013120000,64.6,12348030976,118767616,1.0,511207010304,298885115904,58.5,339713239,27645063306
2025-11-07 15:33:04,9.1,180022170,17059594240,6049038336,11010555904,64.5,12348030976,118767616,1.0,511207010304,298885201920,58.5,339724072,27645085986
2025-11-07 15:33:15,9.6,180104107,17059594240,6027841536,11031752704,64.7,12348030976,118767616,1.0,511207010304,298885201920,58.5,339729157,27645121959
2025-11-07 15:33:26,8.3,180195556,17059594240,6017429504,11042164736,64.7,12348030976,118767616,1.0,511207010304,298885226496,58.5,339741088,27645152539
2025-11-07 15:33:37,32.0,180286310,17059594240,6038716416,11020877824,64.6,12348030976,118767616,1.0,511207010304,298885226496,58.5,339769496,27645198396
2025-11-07 15:33:48,10.0,180370905,17059594240,6033903616,11025690624,64.6,12348030976,118767616,1.0,511207010304,298885378048,58.5,339778825,27645215862
2025-11-07 15:33:59,9.0,180452086,17059594240,6013284352,11046309888,64.8,12348030976,118767616,1.0,511207010304,298885378048,58.5,339798308,27645243589
2025-11-07 15:34:10,11.0,180529685,17059594240,6008451072,11051143168,64.8,12348030976,118767616,1.0,511207010304,298885332992,58.5,339803535,27645255596
2025-11-07 15:34:21,25.0,180602937,17059594240,6032531456,11027062784,64.6,12348030976,118767616,1.0,511207010304,298885332992,58.5,339812493,27645277397
2025-11-07 15:34:32,8.5,180683271,17059594240,6031593472,11028000768,64.6,12348030976,118767616,1.0,511207010304,298885332992,58.5,339838416,27645312916
2025-11-07 15:34:43,9.5,180767557,17059594240,6004183040,11055411200,64.8,12348030976,118767616,1.0,511207010304,298885267456,58.5,339849922,27645333007
2025-11-07 15:34:54,12.4,180853570,17059594240,5996896256,11062697984,64.8,12348030976,118767616,1.0,511207010304,298885267456,58.5,339855166,27645380722
2025-11-07 15:35:05,9.7,180940763,17059594240,6049595392,11009998848,64.5,12348030976,118767616,1.0,511207010304,298885287936,58.5,339877424,27645438666
2025-11-07 15:35:16,11.2,181021257,17059594240,6048493568,11011100672,64.5,12348030976,118767616,1.0,511207010304,298885292032,58.5,339886829,27645468041
2025-11-07 15:35:27,8.7,181099715,17059594240,6021484544,11038109696,64.7,12348030976,118767616,1.0,511207010304,298885292032,58.5,339894930,27645491283
2025-11-07 15:35:38,41.0,181181869,17059594240,6029733888,11029860352,64.7,12348030976,118767616,1.0,511207010304,298885423104,58.5,339917683,27645524718
2025-11-07 15:35:49,11.8,181256991,17059594240,6032965632,11026628608,64.6,12348030976,118767616,1.0,511207010304,298886995968,58.5,339938123,27645647455
2025-11-07 15:36:00,9.4,181345706,17059594240,6021246976,11038347264,64.7,12348030976,118767616,1.0,511207010304,298887016448,58.5,339968001,27645698262
2025-11-07 15:36:11,9.8,181430356,17059594240,6009090048,11050504192,64.8,12348030976,118767616,1.0,511207010304,298886885376,58.5,339978051,27645715370
2025-11-07 15:36:22,25.5,181508239,17059594240,6035038208,11024556032,64.6,12348030976,118767616,1.0,511207010304,298886885376,58.5,339987803,27645738507
2025-11-07 15:36:33,9.1,181586781,17059594240,6035955712,11023638528,64.6,12348030976,118767616,1.0,511207010304,298886950912,58.5,339998135,27645753107
2025-11-07 15:36:44,10.9,181666660,17059594240,6001709056,11057885184,64.8,12348030976,118767616,1.0,511207010304,298888593408,58.5,340017194,27645859476
2025-11-07 15:36:55,8.8,181748913,17059594240,6078599168,10980995072,64.4,12348030976,119259135,1.0,511207010304,298888597504,58.5,340022482,27645870746
2025-11-07 15:37:06,8.6,181827214,17059594240,6107475968,10952118272,64.2,12348030976,119259135,1.0,511207010304,298888622080,58.5,340034431,27645889745
2025-11-07 15:37:17,9.0,181906248,17059594240,6107590656,10952003584,64.2,12348030976,119259135,1.0,511207010304,298888622080,58.5,340040537,27645904322
2025-11-07 15:37:28,10.9,181985845,17059594240,6085849088,10973745152,64.3,12348030976,119259135,1.0,511207010304,298888622080,58.5,340055762,27645940372
2025-11-07 15:37:39,14.6,182070934,17059594240,6071042048,10988552192,64.4,12348030976,119259135,1.0,511207010304,298888556544,58.5,340079176,27645971518
2025-11-07 15:37:50,7.9,182145915,17059594240,6097321984,10962272256,64.3,12348030976,119259135,1.0,511207010304,298889674752,58.5,340096792,27646007509
2025-11-07 15:38:01,9.0,182225893,17059594240,6094823424,10964770816,64.3,12348030976,119259135,1.0,511207010304,298889773056,58.5,340103060,27646019357
2025-11-07 15:38:12,8.2,182305698,17059594240,6070497280,10989096960,64.4,12348030976,119259135,1.0,511207010304,298889777152,58.5,340114770,27646038192
2025-11-07 15:38:23,36.5,182388292,17059594240,6084734976,10974859264,64.3,12348030976,119259135,1.0,511207010304,298889777152,58.5,340145102,27646094616
2025-11-07 15:38:34,10.3,182464069,17059594240,6087360512,10972233728,64.3,12348030976,119259135,1.0,511207010304,298889777152,58.5,340168239,27646155167
2025-11-07 15:38:45,8.9,182543850,17059594240,6058422272,11001171968,64.5,12348030976,119259135,1.0,511207010304,298890895360,58.5,340177739,27646173396
2025-11-07 15:38:56,10.8,182669137,17059594240,5874839552,11184754688,65.6,12348030976,115736576,0.9,511207010304,298897231872,58.5,340315853,27656066209
2025-11-07 15:39:07,12.2,182747753,17059594240,5896769536,11162824704,65.4,12348030976,115736576,0.9,511207010304,298897842176,58.5,340331163,27656091161
2025-11-07 15:39:18,7.3,182827559,17059594240,5917437952,11142156288,65.3,12348030976,115736576,0.9,511207010304,298897842176,58.5,340342186,27656116072
2025-11-07 15:39:29,8.1,182908831,17059594240,5929775104,11129819136,65.2,12348030976,115736576,0.9,511207010304,298897776640,58.5,340349727,27656141046
2025-11-07 15:39:40,9.8,182994776,17059594240,6012874752,11046719488,64.8,12348030976,118157312,1.0,511207010304,298897776640,58.5,340362320,27656183080
2025-11-07 15:39:51,9.2,183069512,17059594240,6038589440,11021004800,64.6,12348030976,118157312,1.0,511207010304,298898141184,58.5,340381928,27656219785
2025-11-07 15:40:02,10.0,183159632,17059594240,5981417472,11078176768,64.9,12348030976,118157312,1.0,511207010304,298890289152,58.5,340388121,27656243927
2025-11-07 15:40:13,9.4,183238533,17059594240,5966573568,11093020672,65.0,12348030976,118157312,1.0,511207010304,298890223616,58.5,340399273,27656263490
2025-11-07 15:40:24,8.5,183319648,17059594240,5971095552,11088498688,65.0,12348030976,118157312,1.0,511207010304,298890223616,58.5,340414975,27656292845
2025-11-07 15:40:35,10.9,183396105,17059594240,5963571200,11096023040,65.0,12348030976,118157312,1.0,511207010304,298890223616,58.5,340436252,27656330621
2025-11-07 15:40:46,11.4,183475966,17059594240,5951488000,11108106240,65.1,12348030976,118157312,1.0,511207010304,298889601024,58.5,340444825,27656348152
2025-11-07 15:40:57,8.0,183559121,17059594240,5948276736,11111317504,65.1,12348030976,118157312,1.0,511207010304,298889601024,58.5,340449889,27656359676
2025-11-07 15:41:08,31.2,183637724,17059594240,5983125504,11076468736,64.9,12348030976,118157312,1.0,511207010304,298889621504,58.5,340455769,27656377801
2025-11-07 15:41:19,9.0,183713115,17059594240,5986869248,11072724992,64.9,12348030976,118157312,1.0,511207010304,298889555968,58.5,340467025,27656401765
2025-11-07 15:41:30,8.7,183793169,17059594240,5970284544,11089309696,65.0,12348030976,118157312,1.0,511207010304,298889555968,58.5,340474034,27656431844
2025-11-07 15:41:41,14.6,183913328,17059594240,5923864576,11135729664,65.3,12348030976,118026240,1.0,511207010304,298889568256,58.5,340486218,27656457979
2025-11-07 15:41:52,12.1,184026142,17059594240,5949304832,11110289408,65.1,12348030976,118026240,1.0,511207010304,298889633792,58.5,340512925,27656605232
2025-11-07 15:42:03,10.0,184108603,17059594240,5951770624,11107823616,65.1,12348030976,118026240,1.0,511207010304,298889719808,58.5,340524613,27656627013
2025-11-07 15:42:14,10.8,184191365,17059594240,6005891072,11053703168,64.8,12348030976,118026240,1.0,511207010304,298889719808,58.5,340539866,27656652297
2025-11-07 15:42:25,9.6,184275492,17059594240,5995327488,11064266752,64.9,12348030976,118026240,1.0,511207010304,298889723904,58.5,340557706,27656685452
2025-11-07 15:42:36,8.9,184350381,17059594240,6028402688,11031191552,64.7,12348030976,118026240,1.0,511207010304,298889662464,58.5,340570490,27656699728
2025-11-07 15:42:47,9.6,184432342,17059594240,6052118528,11007475712,64.5,12348030976,118026240,1.0,511207010304,298889699328,58.5,340594658,27656757606
2025-11-07 15:42:58,9.6,184517519,17059594240,6023831552,11035762688,64.7,12348030976,118026240,1.0,511207010304,298889699328,58.5,340626210,27656853907
2025-11-07 15:43:09,44.1,184598530,17059594240,6053081088,11006513152,64.5,12348030976,118026240,1.0,511207010304,298889916416,58.5,340644444,27656906155
2025-11-07 15:43:20,10.4,184673152,17059594240,6049177600,11010416640,64.5,12348030976,118026240,1.0,511207010304,298889916416,58.5,340653869,27656925249
2025-11-07 15:43:31,8.7,184753770,17059594240,6030684160,11028910080,64.6,12348030976,118026240,1.0,511207010304,298889916416,58.5,340675330,27656960187
2025-11-07 15:43:42,8.6,184834328,17059594240,6017187840,11042406400,64.7,12348030976,118026240,1.0,511207010304,298889916416,58.5,340708606,27656994666
2025-11-07 15:43:53,16.8,184910388,17059594240,6040416256,11019177984,64.6,12348030976,118026240,1.0,511207010304,298889916416,58.5,340733289,27657078780
2025-11-07 15:44:04,9.2,184991020,17059594240,6024712192,11034882048,64.7,12348030976,118026240,1.0,511207010304,298889867264,58.5,340751804,27657104470
2025-11-07 15:44:15,10.4,185070643,17059594240,6022975488,11036618752,64.7,12348030976,118026240,1.0,511207010304,298889867264,58.5,340767120,27657129104
2025-11-07 15:44:26,8.4,185153596,17059594240,6018670592,11040923648,64.7,12348030976,118026240,1.0,511207010304,298889867264,58.5,340788157,27657166904
2025-11-07 15:44:37,8.7,185236479,17059594240,6033170432,11026423808,64.6,12348030976,118026240,1.0,511207010304,298889932800,58.5,340825526,27657216533
2025-11-07 15:44:48,9.4,185318112,17059594240,6031511552,11028082688,64.6,12348030976,118026240,1.0,511207010304,298889871360,58.5,340830755,27657270062
2025-11-07 15:44:59,9.6,185402288,17059594240,6003994624,11055599616,64.8,12348030976,118026240,1.0,511207010304,298889887744,58.5,340840148,27657307099
2025-11-07 15:45:10,9.7,185481344,17059594240,6001733632,11057860608,64.8,12348030976,118026240,1.0,511207010304,298889953280,58.5,340849966,27657325885
2025-11-07 15:45:21,7.9,185556496,17059594240,6032715776,11026878464,64.6,12348030976,118026240,1.0,511207010304,298890194944,58.5,340860630,27657344688
2025-11-07 15:45:32,8.2,185636679,17059594240,6013489152,11046105088,64.8,12348030976,118026240,1.0,511207010304,298890194944,58.5,340874963,27657377283
2025-11-07 15:45:43,8.8,185716745,17059594240,6029537280,11030056960,64.7,12348030976,118026240,1.0,511207010304,298890125312,58.5,340886442,27657393628
2025-11-07 15:45:54,37.8,185796528,17059594240,6039937024,11019657216,64.6,12348030976,118026240,1.0,511207010304,298890190848,58.5,340900814,27657414565
2025-11-07 15:46:05,9.8,185870753,17059594240,6039875584,11019718656,64.6,12348030976,118026240,1.0,511207010304,298890211328,58.5,340910512,27657432498
2025-11-07 15:46:16,10.9,185950958,17059594240,6017662976,11041931264,64.7,12348030976,118026240,1.0,511207010304,298890215424,58.5,340916031,27657475555
2025-11-07 15:46:27,10.5,186033554,17059594240,6010408960,11049185280,64.8,12348030976,118026240,1.0,511207010304,298890215424,58.5,340937800,27657518750
2025-11-07 15:46:38,10.8,186117663,17059594240,5970096128,11089498112,65.0,12348030976,111489024,0.9,511207010304,298884837376,58.5,340950530,27657535594
2025-11-07 15:46:49,11.9,186197906,17059594240,6005743616,11053850624,64.8,12348030976,111226880,0.9,511207010304,298884935680,58.5,340956148,27657548051
2025-11-07 15:47:00,19.2,186281933,17059594240,5916524544,11143069696,65.3,12348030976,111226880,0.9,511207010304,298884956160,58.5,340966671,27657575152
2025-11-07 15:47:11,9.6,186362861,17059594240,6152511488,10907082752,63.9,12348030976,111226880,0.9,511207010304,298885021696,58.5,340973348,27657587790
2025-11-07 15:47:22,9.2,186436476,17059594240,6174797824,10884796416,63.8,12348030976,111226880,0.9,511207010304,298885021696,58.5,340978597,27657606858
2025-11-07 15:47:33,9.5,186525537,17059594240,6013825024,11045769216,64.7,12348030976,111226880,0.9,511207010304,298885226496,58.5,340998967,27657662339
2025-11-07 15:47:44,9.6,186609495,17059594240,6022438912,11037155328,64.7,12348030976,111226880,0.9,511207010304,298885267456,58.5,341004502,27657678531
2025-11-07 15:47:55,10.4,186691383,17059594240,6032617472,11026976768,64.6,12348030976,111226880,0.9,511207010304,298885337088,58.5,341018484,27657709487
2025-11-07 15:48:06,8.7,186765834,17059594240,6051323904,11008270336,64.5,12348030976,111226880,0.9,511207010304,298885881856,58.5,341041615,27657744751
2025-11-07 15:48:17,8.7,186845662,17059594240,6029643776,11029950464,64.7,12348030976,111226880,0.9,511207010304,298885816320,58.5,341047563,27657757253
2025-11-07 15:48:28,8.1,186930067,17059594240,6019379200,11040215040,64.7,12348030976,111226880,0.9,511207010304,298885881856,58.5,341064332,27657790699
2025-11-07 15:48:39,30.2,187012140,17059594240,6038491136,11021103104,64.6,12348030976,111226880,0.9,511207010304,298885988352,58.5,341116001,27657839285
2025-11-07 15:48:50,8.5,187087194,17059594240,6035701760,11023892480,64.6,12348030976,111226880,0.9,511207010304,298885472256,58.5,341122161,27657851468
2025-11-07 15:49:01,8.6,187169944,17059594240,6017200128,11042394112,64.7,12348030976,111226880,0.9,511207010304,298885472256,58.5,341139165,27657875017
2025-11-07 15:49:12,7.2,187251905,17059594240,6015410176,11044184064,64.7,12348030976,111226880,0.9,511207010304,298885537792,58.5,341144844,27657887298
2025-11-07 15:49:23,8.7,187326446,17059594240,6042562560,11017031680,64.6,12348030976,111226880,0.9,511207010304,298885537792,58.5,341155848,27657910701
2025-11-07 15:49:34,9.0,187406975,17059594240,6038048768,11021545472,64.6,12348030976,111226880,0.9,511207010304,298885537792,58.5,341190183,27657971235
2025-11-07 15:49:45,8.6,187488081,17059594240,6013714432,11045879808,64.7,12348030976,111226880,0.9,511207010304,298885472256,58.5,341196269,27657984092
2025-11-07 15:49:56,9.2,187568593,17059594240,6002057216,11057537024,64.8,12348030976,111226880,0.9,511207010304,298885472256,58.5,341212799,27658008302
2025-11-07 15:50:07,9.3,187642785,17059594240,6034808832,11024785408,64.6,12348030976,111226880,0.9,511207010304,298885492736,58.5,341224846,27658027517
2025-11-07 15:50:18,8.1,187721928,17059594240,6017851392,11041742848,64.7,12348030976,111226880,0.9,511207010304,298885492736,58.5,341230097,27658038255
2025-11-07 15:50:29,7.4,187804564,17059594240,6012014592,11047579648,64.8,12348030976,111226880,0.9,511207010304,298885558272,58.5,341240761,27658062174
2025-11-07 15:50:40,52.9,187885653,17059594240,6030254080,11029340160,64.7,12348030976,111226880,0.9,511207010304,298885689344,58.5,341256112,27658082932
2025-11-07 15:50:51,9.4,187960480,17059594240,6033403904,11026190336,64.6,12348030976,111226880,0.9,511207010304,298885689344,58.5,341261119,27658095690
2025-11-07 15:51:02,8.5,188043159,17059594240,6011920384,11047673856,64.8,12348030976,111226880,0.9,511207010304,298885648384,58.5,341273912,27658110629
2025-11-07 15:51:13,12.4,188122595,17059594240,6006542336,11053051904,64.8,12348030976,111226880,0.9,511207010304,298885713920,58.5,341280095,27658130465
2025-11-07 15:51:24,9.4,188197518,17059594240,6033866752,11025727488,64.6,12348030976,111226880,0.9,511207010304,298885713920,58.5,341286753,27658158954
2025-11-07 15:51:35,9.0,188278843,17059594240,6034313216,11025281024,64.6,12348030976,111226880,0.9,511207010304,298885746688,58.5,341304979,27658189765
2025-11-07 15:51:46,9.7,188357462,17059594240,6015995904,11043598336,64.7,12348030976,111226880,0.9,511207010304,298885746688,58.5,341318849,27658210107
2025-11-07 15:51:57,9.7,188437157,17059594240,6004731904,11054862336,64.8,12348030976,111226880,0.9,511207010304,298885869568,58.5,341328777,27658227641
2025-11-07 15:52:08,9.4,188511042,17059594240,6037635072,11021959168,64.6,12348030976,111226880,0.9,511207010304,298885890048,58.5,341340382,27658244850
2025-11-07 15:52:19,8.8,188591898,17059594240,6037041152,11022553088,64.6,12348030976,111226880,0.9,511207010304,298885894144,58.5,341345445,27658255535
2025-11-07 15:52:30,9.1,188674665,17059594240,6017093632,11042500608,64.7,12348030976,111226880,0.9,511207010304,298885894144,58.5,341356558,27658303881
2025-11-07 15:52:41,11.8,188756330,17059594240,6006931456,11052662784,64.8,12348030976,111226880,0.9,511207010304,298885963776,58.5,341374119,27658332970
2025-11-07 15:52:52,12.6,188835155,17059594240,6013558784,11046035456,64.7,12348030976,111226880,0.9,511207010304,298885898240,58.5,341411187,27658400272
2025-11-07 15:53:03,8.4,188917433,17059594240,5984043008,11075551232,64.9,12348030976,111226880,0.9,511207010304,298885918720,58.5,341419728,27658422194
2025-11-07 15:53:14,15.3,188997360,17059594240,5980495872,11079098368,64.9,12348030976,111226880,0.9,511207010304,298885918720,58.5,341430363,27658441340
2025-11-07 15:53:25,35.4,189075985,17059594240,6004834304,11054759936,64.8,12348030976,111226880,0.9,511207010304,298885918720,58.5,341440554,27658466208
2025-11-07 15:53:36,9.9,189152253,17059594240,6004633600,11054960640,64.8,12348030976,111226880,0.9,511207010304,298885984256,58.5,341474971,27658507755
2025-11-07 15:53:47,10.3,189232763,17059594240,5979762688,11079831552,64.9,12348030976,111226880,0.9,511207010304,298885984256,58.5,341480999,27658526026
2025-11-07 15:53:58,9.9,189313041,17059594240,5972279296,11087314944,65.0,12348030976,111226880,0.9,511207010304,298886057984,58.5,341495591,27658549194
2025-11-07 15:54:09,9.9,189387763,17059594240,5998153728,11061440512,64.8,12348030976,111226880,0.9,511207010304,298886012928,58.5,341510080,27658572516
2025-11-07 15:54:20,13.2,189468987,17059594240,5996421120,11063173120,64.9,12348030976,111226880,0.9,511207010304,298885951488,58.5,341519727,27658592572
2025-11-07 15:54:31,7.0,189549706,17059594240,5975752704,11083841536,65.0,12348030976,111226880,0.9,511207010304,298886017024,58.5,341539792,27658618033
2025-11-07 15:54:42,14.8,189632269,17059594240,5963579392,11096014848,65.0,12348030976,111226880,0.9,511207010304,298886017024,58.5,341554608,27658656453
2025-11-07 15:54:53,7.5,189706883,17059594240,5997334528,11062259712,64.8,12348030976,111226880,0.9,511207010304,298886131712,58.5,341569117,27658678251
2025-11-07 15:55:04,8.7,189792738,17059594240,6041640960,11017953280,64.6,12348030976,111226880,0.9,511207010304,298887458816,58.5,341578948,27658695758
2025-11-07 15:55:15,9.2,189872210,17059594240,6008123392,11051470848,64.8,12348030976,111226880,0.9,511207010304,298887524352,58.5,341590423,27658714791
2025-11-07 15:55:26,11.4,189947650,17059594240,6025183232,11034411008,64.7,12348030976,111226880,0.9,511207010304,298887524352,58.5,341596301,27658735917
2025-11-07 15:55:37,10.4,190023151,17059594240,5965565952,11094028288,65.0,12348030976,110436352,0.9,511207010304,298887528448,58.5,341614503,27658764358
2025-11-07 15:55:48,9.5,190100209,17059594240,5941686272,11117907968,65.2,12348030976,110436352,0.9,511207010304,298887528448,58.5,341628829,27658789905
2025-11-07 15:55:59,11.0,190184894,17059594240,5920157696,11139436544,65.3,12348030976,110436352,0.9,511207010304,298887565312,58.5,341641995,27658812782
2025-11-07 15:56:10,28.0,190259979,17059594240,6042255360,11017338880,64.6,12348030976,120287232,1.0,511207010304,298887503872,58.5,341648106,27658825294
2025-11-07 15:56:21,12.5,190337898,17059594240,6044856320,11014737920,64.6,12348030976,120287232,1.0,511207010304,298887569408,58.5,341664447,27658869751
2025-11-07 15:56:32,11.3,190414636,17059594240,6023098368,11036495872,64.7,12348030976,120287232,1.0,511207010304,298887569408,58.5,341674655,27658885487
2025-11-07 15:56:43,13.7,190495679,17059594240,6036791296,11022802944,64.6,12348030976,117800960,1.0,511207010304,298887569408,58.5,341700428,27658919968
2025-11-07 15:56:54,10.1,190570178,17059594240,6062395392,10997198848,64.5,12348030976,117800960,1.0,511207010304,298887503872,58.5,341705669,27658933454
2025-11-07 15:57:05,8.8,190674953,17059594240,6069121024,10990473216,64.4,12348030976,117800960,1.0,511207010304,298887589888,58.5,341712430,27658947903
2025-11-07 15:57:16,10.8,190774796,17059594240,6046597120,11012997120,64.6,12348030976,117800960,1.0,511207010304,298887593984,58.5,341722086,27658964375
2025-11-07 15:57:27,10.4,190857589,17059594240,6030143488,11029450752,64.7,12348030976,117800960,1.0,511207010304,298887593984,58.5,341746916,27658997588
2025-11-07 15:57:39,8.9,190930213,17059594240,6068183040,10991411200,64.4,12348030976,117800960,1.0,511207010304,298887528448,58.5,341756538,27659012828
2025-11-07 15:57:50,9.9,191011800,17059594240,6049595392,11009998848,64.5,12348030976,117800960,1.0,511207010304,298887532544,58.5,341775658,27659053114
2025-11-07 15:58:01,9.8,191099102,17059594240,6038904832,11020689408,64.6,12348030976,117800960,1.0,511207010304,298886975488,58.5,341802848,27659145756
2025-11-07 15:58:12,58.3,191185905,17059594240,6028632064,11030962176,64.7,12348030976,117800960,1.0,511207010304,298886975488,58.5,341825922,27659180152
2025-11-07 15:58:23,8.9,191262932,17059594240,6028103680,11031490560,64.7,12348030976,117800960,1.0,511207010304,298886909952,58.5,341843794,27659213032
2025-11-07 15:58:34,10.0,191342265,17059594240,6011899904,11047694336,64.8,12348030976,117800960,1.0,511207010304,298886909952,58.5,341857336,27659237795
2025-11-07 15:58:45,12.4,191421810,17059594240,5999661056,11059933184,64.8,12348030976,117800960,1.0,511207010304,298886975488,58.5,341865532,27659247535
2025-11-07 15:58:56,11.1,191504756,17059594240,6029135872,11030458368,64.7,12348030976,117800960,1.0,511207010304,298886975488,58.5,341884505,27659279965
2025-11-07 15:59:07,8.8,191581048,17059594240,6027030528,11032563712,64.7,12348030976,117800960,1.0,511207010304,298886930432,58.5,341891060,27659293433
2025-11-07 15:59:18,9.3,191660295,17059594240,5990182912,11069411328,64.9,12348030976,117800960,1.0,511207010304,298886930432,58.5,341909674,27659325662
2025-11-07 15:59:29,11.3,191795804,17059594240,6483673088,10575921152,62.0,12348030976,113729536,0.9,511207010304,298886938624,58.5,341924976,27659367136
2025-11-07 15:59:40,2.7,191921716,17059594240,6481629184,10577965056,62.0,12348030976,113729536,0.9,511207010304,298887012352,58.5,341941855,27659396062
2025-11-07 15:59:51,0.9,192008458,17059594240,6475530240,10584064000,62.0,12348030976,113729536,0.9,511207010304,298887012352,58.5,341951972,27659413402
2025-11-07 16:00:02,2.6,192112584,17059594240,6455500800,10604093440,62.2,12348030976,113729536,0.9,511207010304,298888671232,58.5,341962126,27659428912
2025-11-07 16:00:13,1.9,192216768,17059594240,6451380224,10608214016,62.2,12348030976,113729536,0.9,511207010304,298888810496,58.5,341974559,27659504935
2025-11-07 16:00:24,6.1,192296133,17059594240,6448877568,10610716672,62.2,12348030976,113729536,0.9,511207010304,298888921088,58.5,341992003,27659537869
2025-11-07 16:00:35,3.4,192401244,17059594240,6457712640,10601881600,62.1,12348030976,113729536,0.9,511207010304,298888921088,58.5,342003440,27659552348
2025-11-07 16:00:46,8.1,192518825,17059594240,6260969472,10798624768,63.3,12348030976,113729536,0.9,511207010304,298887860224,58.5,342078935,27659590010
2025-11-07 16:00:57,27.1,192643040,17059594240,6482669568,10576924672,62.0,12348030976,111763456,0.9,511207010304,298886905856,58.5,342151968,27660531380
2025-11-07 16:01:08,1.2,192715611,17059594240,6486011904,10573582336,62.0,12348030976,111763456,0.9,511207010304,298886922240,58.5,342166057,27660551143
2025-11-07 16:01:19,9.0,192815388,17059594240,6477627392,10581966848,62.0,12348030976,111763456,0.9,511207010304,298886971392,58.5,342276304,27660752728
2025-11-07 16:01:30,4.8,192907425,17059594240,6461878272,10597715968,62.1,12348030976,111763456,0.9,511207010304,298887041024,58.5,342286547,27660783644
2025-11-07 16:01:41,8.3,192997965,17059594240,6361219072,10698375168,62.7,12348030976,111763456,0.9,511207010304,298887041024,58.5,342314424,27660981167
2025-11-07 16:01:52,3.1,193082413,17059594240,6340153344,10719440896,62.8,12348030976,111763456,0.9,511207010304,298887041024,58.5,342413673,27661260586
2025-11-07 16:02:03,1.4,193135099,17059594240,6453415936,10606178304,62.2,12348030976,111763456,0.9,511207010304,298887065600,58.5,342434548,27661308985
2025-11-07 16:02:14,1.6,193199495,17059594240,6411919360,10647674880,62.4,12348030976,111763456,0.9,511207010304,298887073792,58.5,342446651,27661330964
2025-11-07 16:02:25,1.4,193258102,17059594240,6403706880,10655887360,62.5,12348030976,111763456,0.9,511207010304,298887073792,58.5,342471316,27661367946
2025-11-07 16:02:36,35.5,193319078,17059594240,6427373568,10632220672,62.3,12348030976,111763456,0.9,511207010304,298887073792,58.5,342477361,27661380139
2025-11-07 16:02:47,3.5,193409825,17059594240,6404292608,10655301632,62.5,12348030976,111763456,0.9,511207010304,298887077888,58.5,342501150,27661429181
2025-11-07 16:02:58,0.9,193469974,17059594240,6437871616,10621722624,62.3,12348030976,111763456,0.9,511207010304,298887077888,58.5,342521238,27661473739
2025-11-07 16:03:09,4.2,193529061,17059594240,6451294208,10608300032,62.2,12348030976,111763456,0.9,511207010304,298887163904,58.5,342528510,27661490638
2025-11-07 16:03:20,1.4,193587691,17059594240,6454812672,10604781568,62.2,12348030976,111763456,0.9,511207010304,298887163904,58.5,342533875,27661503129
2025-11-07 16:03:31,1.7,193647334,17059594240,6460211200,10599383040,62.1,12348030976,111763456,0.9,511207010304,298887163904,58.5,342563115,27661561464
2025-11-07 16:03:42,1.7,193708045,17059594240,6460821504,10598772736,62.1,12348030976,111763456,0.9,511207010304,298887163904,58.5,342586789,27661586849
2025-11-07 16:03:53,0.9,193766403,17059594240,6461681664,10597912576,62.1,12348030976,111763456,0.9,511207010304,298887163904,58.5,342600201,27661606917
2025-11-07 16:04:04,2.9,193825551,17059594240,6460702720,10598891520,62.1,12348030976,111763456,0.9,511207010304,298887180288,58.5,342613994,27661627706
2025-11-07 16:04:15,6.3,193884326,17059594240,6460338176,10599256064,62.1,12348030976,111763456,0.9,511207010304,298887180288,58.5,342621470,27661637635
2025-11-07 16:04:26,1.6,193945490,17059594240,6460981248,10598612992,62.1,12348030976,111763456,0.9,511207010304,298887180288,58.5,342642459,27661681075
2025-11-07 16:04:37,1.7,194003775,17059594240,6460694528,10598899712,62.1,12348030976,111763456,0.9,511207010304,298887180288,58.5,342660493,27661703412
